ticker,date,last,rsi,macd,macd_signal,sma200,sma_dev_pct,vol,vol_avg20,rsi_ok,macd_cross_ok,sma_dev_ok,vol_spike_ok,signals_score,stop_price,target_price,trailing_trigger_gain,trailing_pct,max_hold_days,suggested_shares,risk_dollars,alloc_cap_dollars,headline_sentiment,catalysts,pe_ttm,pe_fwd,div_yield_pct,payout_ratio,debt_to_equity,composite_score,owned
RY.TO,2025-08-10,182.37,62.89,1.1634,1.1142,169.06,7.87,3030200,4780235,False,True,False,False,5,162.31,200.61,0.05,0.07,60,49,1000.0,15000.0,,,14.51,14.45,3.38,0.46,,6.25,True
DIR-UN.TO,2025-08-10,12.34,68.43,0.1238,0.0807,11.4,8.26,1030318,549471,False,True,False,True,5,10.98,13.57,0.05,0.07,60,735,1000.0,15000.0,,,16.45,11.43,5.67,0.94,,6.25,False
LUG.TO,2025-08-10,78.91,71.14,1.1997,-0.2601,47.36,66.62,1915800,846545,False,True,False,True,5,70.23,86.8,0.05,0.07,60,115,1000.0,15000.0,,,25.87,27.69,5.5,0.36,,6.25,False
IVN.TO,2025-08-10,11.65,58.88,0.103,0.0792,14.49,-19.62,2848400,3147400,False,True,True,False,5,10.37,12.81,0.05,0.07,60,781,1000.0,15000.0,,,29.12,13.39,,0.0,,6.0,False
PAAS.TO,2025-08-10,43.96,68.33,0.6545,0.2776,34.69,26.72,1666100,1081945,False,True,False,True,5,39.12,48.36,0.05,0.07,60,206,1000.0,15000.0,,,22.09,25.12,1.5,0.28,,6.0,False
EFX.TO,2025-08-10,12.56,70.22,0.2899,0.1805,11.4,10.2,862800,339665,False,True,False,True,5,11.18,13.82,0.05,0.07,60,724,1000.0,15000.0,,,15.32,20.93,1.35,0.15,,6.0,False
JWEL.TO,2025-08-10,37.49,74.78,0.0613,-0.2082,33.51,11.87,246200,74705,False,True,False,True,5,33.37,41.24,0.05,0.07,60,242,1000.0,15000.0,,,28.19,18.56,2.45,0.63,,6.0,False
MFI.TO,2025-08-10,33.42,80.68,0.6272,0.4063,24.33,37.35,388700,190835,False,True,False,True,5,29.74,36.76,0.05,0.07,60,271,1000.0,15000.0,,,23.21,23.7,2.87,0.64,,6.0,False
OGC.TO,2025-08-10,22.56,75.19,0.4298,0.1288,14.9,51.37,1744600,839535,False,True,False,True,5,20.08,24.82,0.05,0.07,60,403,1000.0,15000.0,,,10.4,36.39,73.0,0.06,,5.75,False
SAP.TO,2025-08-10,32.0,80.73,0.707,0.5357,25.75,24.29,1154600,534120,False,True,False,True,5,28.48,35.2,0.05,0.07,60,284,1000.0,15000.0,,,,15.31,2.5,1.33,,5.5,False
CSH-UN.TO,2025-08-10,18.39,61.05,0.0057,-0.061,16.52,11.32,764419,328954,False,True,False,True,5,16.37,20.23,0.05,0.07,60,495,1000.0,15000.0,,,87.57,76.62,3.33,2.92,,5.25,False
WPM.TO,2025-08-10,138.56,69.96,3.3321,2.2034,104.1,33.11,1087300,626885,False,True,False,True,5,123.32,152.42,0.05,0.07,60,65,1000.0,15000.0,,,58.22,55.65,65.0,0.37,,5.25,False
AGI.TO,2025-08-10,36.01,52.25,-0.0807,-0.241,32.9,9.46,1438500,1192620,False,True,False,False,4,32.05,39.61,0.05,0.07,60,252,1000.0,15000.0,,,31.87,23.54,38.0,0.12,,5.25,False
CRT-UN.TO,2025-08-10,15.71,52.8,-0.0124,-0.0248,14.66,7.14,148200,150050,False,True,False,False,4,13.98,17.28,0.05,0.07,60,578,1000.0,15000.0,,,10.2,12.88,6.04,0.6,,5.25,False
FCR-UN.TO,2025-08-10,18.69,56.06,0.2136,0.2282,16.96,10.18,160700,327850,False,True,False,False,4,16.63,20.56,0.05,0.07,60,485,1000.0,15000.0,,,15.2,15.57,4.76,0.71,,5.25,False
GWO.TO,2025-08-10,53.28,59.38,0.4223,0.3227,49.8,6.99,2593800,1748670,False,True,False,False,4,47.42,58.61,0.05,0.07,60,170,1000.0,15000.0,,,13.35,11.56,4.58,0.58,,5.25,False
SRU-UN.TO,2025-08-10,25.88,59.81,0.076,0.0624,24.52,5.53,353000,320195,False,True,False,False,4,23.03,28.47,0.05,0.07,60,350,1000.0,15000.0,,,19.17,13.62,7.15,1.37,,5.25,False
OTEX.TO,2025-08-10,42.52,61.31,0.2809,0.32,39.08,8.81,1817500,783465,False,False,False,True,4,37.84,46.77,0.05,0.07,60,213,1000.0,15000.0,,,18.73,9.51,3.55,0.64,,5.25,False
DPM.TO,2025-08-10,24.08,64.6,0.5701,0.505,17.41,38.35,508000,640385,False,True,False,False,4,21.43,26.49,0.05,0.07,60,377,1000.0,15000.0,,,12.35,10.9,92.0,0.11,,5.25,False
SOBO.TO,2025-08-10,37.68,68.9,0.3777,0.2277,34.3,9.85,680300,900365,False,True,False,False,4,33.54,41.45,0.05,0.07,60,241,1000.0,15000.0,,,19.52,17.05,7.31,0.71,,5.25,False
ENB.TO,2025-08-10,64.69,69.41,0.73,0.3585,60.67,6.62,15145500,7857255,False,False,False,False,4,57.57,71.16,0.05,0.07,60,140,1000.0,15000.0,,,22.78,21.71,5.83,1.31,,5.25,True
CJT.TO,2025-08-10,102.01,55.01,0.0117,0.5016,102.7,-0.67,103500,63270,False,False,False,True,4,90.79,112.21,0.05,0.07,60,89,1000.0,15000.0,,,11.31,16.67,1.37,0.16,,5.0,False
WDO.TO,2025-08-10,17.98,55.03,-0.1811,-0.3411,15.55,15.66,1108200,784630,False,True,False,False,4,16.0,19.78,0.05,0.07,60,505,1000.0,15000.0,,,14.5,13.42,,0.0,,5.0,False
GMIN.TO,2025-08-10,18.0,55.41,-0.0404,-0.2189,15.7,14.63,391000,554720,False,True,False,False,4,16.02,19.8,0.05,0.07,60,505,1000.0,15000.0,,,25.35,18.0,,0.0,,5.0,False
IMG.TO,2025-08-10,10.34,57.01,0.1264,0.0135,8.84,16.95,3434200,2014075,False,True,False,False,4,9.2,11.37,0.05,0.07,60,877,1000.0,15000.0,,,5.14,9.49,,0.0,,5.0,False
EQX.TO,2025-08-10,8.89,57.1,0.0924,0.047,8.69,2.26,1758400,2018505,False,True,False,False,4,7.91,9.78,0.05,0.07,60,1020,1000.0,15000.0,,,9.07,5.85,,0.0,,5.0,False
KNT.TO,2025-08-10,15.37,57.87,0.0431,-0.0311,11.68,31.55,771100,646720,False,True,False,False,4,13.68,16.91,0.05,0.07,60,591,1000.0,15000.0,,,15.07,22.28,,0.0,,5.0,False
NGD.TO,2025-08-10,6.69,62.52,0.0189,-0.0689,4.88,37.09,1258900,1589240,False,True,False,False,4,5.95,7.36,0.05,0.07,60,1351,1000.0,15000.0,,,24.78,14.23,,0.0,,5.0,False
PET.TO,2025-08-10,35.97,67.58,0.7582,0.5973,27.7,29.83,88200,141490,False,True,False,False,4,32.01,39.57,0.05,0.07,60,252,1000.0,15000.0,,,26.84,22.34,1.33,0.34,,5.0,False
MAG.TO,2025-08-10,31.85,68.48,0.4392,0.2502,23.59,35.03,179600,188605,False,True,False,False,4,28.35,35.04,0.05,0.07,60,285,1000.0,15000.0,,,26.32,27.46,1.65,0.2,,5.0,False
SSRM.TO,2025-08-10,20.91,71.58,0.6845,0.2429,13.53,54.6,523000,421530,False,True,False,False,4,18.61,23.0,0.05,0.07,60,434,1000.0,15000.0,,,19.54,23.76,,0.0,,5.0,False
GSY.TO,2025-08-10,200.63,73.61,7.524,6.2125,162.78,23.25,91000,63400,False,True,False,False,4,178.56,220.69,0.05,0.07,60,45,1000.0,15000.0,,,12.08,10.0,2.91,0.32,,5.0,False
ABX.TO,2025-08-10,32.22,74.3,0.7503,0.488,26.04,23.75,5119600,3550535,False,True,False,False,4,28.68,35.44,0.05,0.07,60,282,1000.0,15000.0,,,17.8,15.42,1.69,0.3,,5.0,False
CRR-UN.TO,2025-08-10,14.71,53.6,-0.0228,-0.0324,13.94,5.54,221100,188565,False,True,False,False,4,13.09,16.18,0.05,0.07,60,617,1000.0,15000.0,,,,22.63,6.05,48.54,,4.75,False
ARE.TO,2025-08-10,20.25,59.14,-0.0326,-0.1069,21.56,-6.06,284400,347365,False,True,False,False,4,18.02,22.28,0.05,0.07,60,448,1000.0,15000.0,,,48.21,13.59,3.75,1.81,,4.75,False
PBH.TO,2025-08-10,92.42,66.79,2.0081,1.9265,79.12,16.8,96700,104240,False,True,False,False,4,82.25,101.66,0.05,0.07,60,98,1000.0,15000.0,,,44.43,17.6,3.68,1.63,,4.75,False
LUN.TO,2025-08-10,15.92,70.62,0.2852,0.1033,12.81,24.27,2186200,2274715,False,True,False,False,4,14.17,17.51,0.05,0.07,60,571,1000.0,15000.0,,,72.36,15.61,69.0,1.34,,4.75,False
TFPM.TO,2025-08-10,36.35,71.02,0.6995,0.243,27.1,34.12,171200,187895,False,True,False,False,4,32.35,39.98,0.05,0.07,60,250,1000.0,15000.0,,,30.81,35.64,86.0,0.26,,4.75,False
BTO.TO,2025-08-10,4.93,52.99,0.0534,0.01,4.2,17.35,6757200,3153775,False,True,False,False,4,4.39,5.42,0.05,0.07,60,1851,1000.0,15000.0,,,,8.22,2.23,16.0,,4.5,False
CS.TO,2025-08-10,9.16,70.24,0.2045,0.0882,8.21,11.53,3337800,2270770,False,True,False,False,4,8.15,10.08,0.05,0.07,60,990,1000.0,15000.0,,,65.43,11.17,,0.0,,4.5,False
DOL.TO,2025-08-10,190.62,54.92,1.178,0.8092,159.33,19.64,374200,417160,False,True,False,False,4,169.65,209.68,0.05,0.07,60,47,1000.0,15000.0,,,43.62,41.8,22.0,0.09,,4.25,False
SIA.TO,2025-08-10,18.63,58.6,-0.0177,-0.0608,16.52,12.81,200000,220380,False,True,False,False,4,16.58,20.49,0.05,0.07,60,487,1000.0,15000.0,,,45.44,40.5,5.02,2.28,,4.25,False
SSL.TO,2025-08-10,14.34,74.93,0.2424,0.146,10.22,40.32,400800,646275,False,True,False,False,4,12.76,15.77,0.05,0.07,60,632,1000.0,15000.0,,,89.62,53.11,56.0,0.48,,4.25,False
OR.TO,2025-08-10,41.87,75.61,1.2783,0.9717,30.66,36.56,385000,344490,False,True,False,False,4,37.26,46.06,0.05,0.07,60,216,1000.0,15000.0,,,72.19,47.58,72.0,0.46,,4.25,False
GIB-A.TO,2025-08-10,132.02,34.34,-2.7138,-2.4051,150.86,-12.49,520900,493020,True,False,True,False,3,117.5,145.22,0.05,0.07,60,68,1000.0,15000.0,,,17.49,14.73,45.0,0.06,,4.25,False
PMZ-UN.TO,2025-08-10,14.84,50.9,-0.0102,-0.017,14.77,0.48,92200,149325,False,True,False,False,3,13.21,16.32,0.05,0.07,60,613,1000.0,15000.0,,,23.19,9.51,5.8,1.34,,4.25,False
BTE.TO,2025-08-10,2.83,53.75,0.0789,0.0871,3.09,-8.4,4471300,5807725,False,False,False,False,3,2.52,3.11,0.05,0.07,60,3225,1000.0,15000.0,,,6.02,6.29,3.18,0.19,,4.25,False
CPX.TO,2025-08-10,60.0,55.87,0.6281,0.9352,54.22,10.66,510400,860425,False,False,False,False,3,53.4,66.0,0.05,0.07,60,151,1000.0,15000.0,,,19.23,18.87,4.61,0.84,,4.25,False
CVE.TO,2025-08-10,20.47,56.2,0.3456,0.3455,19.77,3.53,4350600,7896040,False,False,False,False,3,18.22,22.52,0.05,0.07,60,444,1000.0,15000.0,,,14.22,10.44,3.91,0.51,,4.25,False
L.TO,2025-08-10,228.07,60.41,1.2517,0.4761,200.05,14.0,198900,321035,False,False,False,False,3,202.98,250.88,0.05,0.07,60,39,1000.0,15000.0,,,28.26,24.13,99.0,0.26,,4.25,False
MG.TO,2025-08-10,58.48,61.49,0.8849,1.0572,54.06,8.17,684900,979350,False,False,False,False,3,52.05,64.33,0.05,0.07,60,155,1000.0,15000.0,,,10.0,6.98,4.59,0.45,,4.25,False
BMO.TO,2025-08-10,155.21,63.14,1.3118,1.6216,138.12,12.37,1303300,3033055,False,False,False,False,3,138.14,170.73,0.05,0.07,60,58,1000.0,15000.0,,,14.41,14.34,4.2,0.58,,4.25,False
TRP.TO,2025-08-10,67.97,63.49,0.5576,0.1519,65.77,3.35,1468300,5029575,False,False,False,False,3,60.49,74.77,0.05,0.07,60,133,1000.0,15000.0,,,16.62,18.03,5.0,0.85,,4.25,False
BNS.TO,2025-08-10,77.03,64.06,0.7032,0.8536,71.41,7.87,1579200,3807555,False,False,False,False,3,68.56,84.73,0.05,0.07,60,118,1000.0,15000.0,,,16.15,10.96,5.71,0.89,,4.25,False
PXT.TO,2025-08-10,16.42,65.74,0.5403,0.4349,13.28,23.66,411400,590410,False,False,False,False,3,14.61,18.06,0.05,0.07,60,552,1000.0,15000.0,,,9.12,4.37,9.38,0.84,,4.25,False
ALA.TO,2025-08-10,41.27,65.76,0.5828,0.5561,36.24,13.89,298200,640295,False,False,False,False,3,36.73,45.4,0.05,0.07,60,220,1000.0,15000.0,,,15.87,18.34,3.05,0.47,,4.25,False
RCI-B.TO,2025-08-10,46.74,65.83,1.1545,1.4639,41.16,13.56,1400200,2124180,False,False,False,False,3,41.6,51.41,0.05,0.07,60,194,1000.0,15000.0,,,16.75,8.99,4.28,0.72,,4.25,False
GEI.TO,2025-08-10,25.33,68.48,0.3941,0.3765,22.7,11.59,194700,506790,False,False,False,False,3,22.54,27.86,0.05,0.07,60,358,1000.0,15000.0,,,26.11,15.93,6.79,1.73,,4.25,False
IGM.TO,2025-08-10,47.34,70.73,0.9519,0.804,43.57,8.66,158500,263810,False,False,False,False,3,42.13,52.07,0.05,0.07,60,191,1000.0,15000.0,,,11.55,10.91,4.75,0.55,,4.25,False
EIF.TO,2025-08-10,67.62,72.28,1.2548,1.3723,54.93,23.1,87500,108530,False,False,False,False,3,60.18,74.38,0.05,0.07,60,134,1000.0,15000.0,,,26.62,17.25,3.9,1.04,,4.25,False
NA.TO,2025-08-10,146.69,74.78,1.9968,2.0914,128.1,14.52,749800,1153815,False,False,False,False,3,130.55,161.36,0.05,0.07,60,61,1000.0,15000.0,,,14.02,13.7,3.22,0.43,,4.25,False
GRT-UN.TO,2025-08-10,76.5,76.09,1.4037,1.1955,68.2,12.17,84300,69635,False,False,False,False,3,68.09,84.15,0.05,0.07,60,118,1000.0,15000.0,,,14.19,13.54,4.44,0.62,,4.25,False
FTS.TO,2025-08-10,69.91,76.26,1.2305,0.8678,63.03,10.91,1124400,1347050,False,False,False,False,3,62.22,76.9,0.05,0.07,60,130,1000.0,15000.0,,,20.56,20.62,3.52,0.72,,4.25,False
POW.TO,2025-08-10,57.6,81.66,1.1214,0.9397,48.09,19.77,1275600,1851075,False,False,False,False,3,51.26,63.36,0.05,0.07,60,157,1000.0,15000.0,,,13.85,11.57,4.28,0.55,,4.25,False
EMA.TO,2025-08-10,66.91,82.35,1.1851,0.8636,56.62,18.16,922000,925060,False,False,False,False,3,59.55,73.6,0.05,0.07,60,135,1000.0,15000.0,,,22.76,21.04,4.33,0.98,,4.25,False
MDA.TO,2025-08-10,42.09,55.66,2.1331,2.2103,28.54,47.47,660700,595630,False,True,False,False,4,37.46,46.3,0.05,0.07,60,215,1000.0,15000.0,,,53.96,41.67,,0.0,,4.0,False
DML.TO,2025-08-10,2.93,56.71,0.1346,0.1437,2.51,16.84,5684600,3676030,False,True,False,False,4,2.61,3.22,0.05,0.07,60,3124,1000.0,15000.0,,,,-73.25,,0.0,,4.0,False
X.TO,2025-08-10,57.71,57.19,0.3513,0.2362,50.13,15.12,337500,401350,False,True,False,False,4,51.36,63.48,0.05,0.07,60,157,1000.0,15000.0,,,38.22,31.19,1.52,0.52,,4.0,False
IPCO.TO,2025-08-10,23.83,62.23,0.4022,0.3933,19.23,23.93,72100,77415,False,True,False,False,4,21.21,26.21,0.05,0.07,60,381,1000.0,15000.0,,,39.07,1.72,,0.0,,4.0,False
RBA.TO,2025-08-10,157.04,70.1,1.8369,1.3392,137.83,13.94,498000,258120,False,False,False,True,4,139.77,172.74,0.05,0.07,60,57,1000.0,15000.0,,,56.09,31.22,1.09,0.57,,4.0,False
SHOP.TO,2025-08-10,205.82,71.55,10.8719,7.1294,149.61,37.57,1364900,1788400,False,True,False,False,4,183.18,226.4,0.05,0.07,60,44,1000.0,15000.0,,,83.33,121.79,,0.0,,4.0,False
CNR.TO,2025-08-10,127.33,28.88,-3.5421,-3.1167,142.91,-10.9,979200,1353270,True,False,True,False,3,113.32,140.06,0.05,0.07,60,71,1000.0,15000.0,,,17.56,14.21,2.79,0.48,,4.0,False
FVI.TO,2025-08-10,9.05,49.27,0.0215,0.0519,7.75,16.77,2049100,1142990,False,True,False,True,3,8.05,9.96,0.05,0.07,60,999,1000.0,15000.0,,,11.91,9.84,,0.0,,4.0,False
WN.TO,2025-08-10,265.0,49.36,-0.7379,-1.0051,242.36,9.34,102900,110105,False,True,False,False,3,235.85,291.5,0.05,0.07,60,34,1000.0,15000.0,,,34.46,19.95,1.35,0.44,,4.0,False
SES.TO,2025-08-10,16.08,55.44,0.0136,0.0983,14.97,7.4,662600,827335,False,False,False,False,3,14.31,17.69,0.05,0.07,60,564,1000.0,15000.0,,,17.67,16.41,2.49,0.44,,4.0,False
DOO.TO,2025-08-10,70.54,56.48,1.2547,1.3202,62.76,12.4,81400,120395,False,False,False,False,3,62.78,77.59,0.05,0.07,60,128,1000.0,15000.0,,,28.56,13.04,1.22,0.34,,4.0,False
LNR.TO,2025-08-10,68.18,57.87,0.8898,0.9986,57.81,17.94,128600,111320,False,False,False,False,3,60.68,75.0,0.05,0.07,60,133,1000.0,15000.0,,,16.12,6.49,1.7,0.24,,4.0,False
BDGI.TO,2025-08-10,53.4,60.66,1.1424,1.4893,41.28,29.36,38400,117920,False,False,False,False,3,47.53,58.74,0.05,0.07,60,170,1000.0,15000.0,,,23.84,19.35,1.4,0.32,,4.0,False
IMO.TO,2025-08-10,117.65,64.52,2.1218,2.1699,100.17,17.45,1012100,769320,False,False,False,False,3,104.71,129.42,0.05,0.07,60,77,1000.0,15000.0,,,12.97,15.08,2.45,0.29,,4.0,False
ELD.TO,2025-08-10,31.09,64.55,0.8449,0.4592,24.5,26.87,497400,353745,False,False,False,False,3,27.67,34.2,0.05,0.07,60,292,1000.0,15000.0,,,11.14,12.49,,0.0,,4.0,False
BBD-B.TO,2025-08-10,164.41,66.68,7.8513,9.5357,101.9,61.35,451744,511256,False,False,False,False,3,146.32,180.85,0.05,0.07,60,55,1000.0,15000.0,,,26.6,17.81,,0.0,,4.0,False
EFN.TO,2025-08-10,36.77,68.74,0.6606,0.6837,30.34,21.17,579800,613140,False,False,False,False,3,32.73,40.45,0.05,0.07,60,247,1000.0,15000.0,,,27.65,21.13,1.41,0.37,,4.0,False
H.TO,2025-08-10,50.8,68.82,0.3219,0.0882,46.93,8.24,740800,710325,False,False,False,False,3,45.21,55.88,0.05,0.07,60,178,1000.0,15000.0,,,25.02,25.02,2.62,0.62,,4.0,False
TIH.TO,2025-08-10,140.86,73.1,4.6625,4.0975,118.23,19.14,80200,148015,False,False,False,False,3,125.37,154.95,0.05,0.07,60,64,1000.0,15000.0,,,23.79,22.36,1.48,0.34,,4.0,False
BCE.TO,2025-08-10,33.51,63.34,0.3465,0.439,32.51,3.09,4557900,3153610,False,False,False,False,3,29.82,36.86,0.05,0.07,60,271,1000.0,15000.0,,,72.85,11.52,5.22,7.46,,3.75,False
K.TO,2025-08-10,26.12,75.2,1.0796,0.6021,17.61,48.31,3625100,3587240,False,False,False,False,3,23.25,28.73,0.05,0.07,60,348,1000.0,15000.0,,,15.36,31.1,63.0,0.1,,3.75,False
CIGI.TO,2025-08-10,216.31,80.23,9.2776,7.4676,187.18,15.56,53000,66835,False,False,False,False,3,192.52,237.94,0.05,0.07,60,42,1000.0,15000.0,,,70.46,22.39,19.0,0.13,,3.75,False
TVE.TO,2025-08-10,5.34,62.7,0.1388,0.1417,4.39,21.52,917000,1816695,False,False,False,False,3,4.75,5.87,0.05,0.07,60,1694,1000.0,15000.0,,,11.13,3.47,2.87,0.32,,3.5,False
AEM.TO,2025-08-10,186.65,70.43,5.3349,3.5586,143.32,30.23,770300,886535,False,False,False,False,3,166.12,205.31,0.05,0.07,60,48,1000.0,15000.0,,,23.1,40.23,1.19,0.27,,3.5,False
CIX.TO,2025-08-10,31.97,73.16,0.0873,0.0782,30.26,5.66,357500,495025,False,False,False,False,3,28.45,35.17,0.05,0.07,60,284,1000.0,15000.0,,,,7.89,2.5,24.67,,3.5,False
BYD.TO,2025-08-10,187.77,30.88,-5.5922,-4.0193,214.86,-12.61,17300,41080,True,False,True,False,3,167.12,206.55,0.05,0.07,60,48,1000.0,15000.0,,,218.34,36.82,33.0,0.69,,3.25,False
AG.TO,2025-08-10,11.83,54.7,0.0854,0.1138,9.32,26.87,957200,1327285,False,False,False,False,3,10.53,13.01,0.05,0.07,60,769,1000.0,15000.0,,,,31.97,21.0,0.07,,3.25,False
WCN.TO,2025-08-10,258.63,56.27,1.3606,0.7057,261.1,-0.95,231000,381970,False,False,False,False,3,230.18,284.49,0.05,0.07,60,35,1000.0,15000.0,,,75.84,34.53,67.0,0.5,,3.25,False
CCO.TO,2025-08-10,106.0,57.39,2.0679,2.9315,77.04,37.59,1567500,1350915,False,False,False,False,3,94.34,116.6,0.05,0.07,60,85,1000.0,15000.0,,,86.89,65.03,15.0,0.13,,3.25,False
GFL.TO,2025-08-10,69.46,61.18,0.8104,0.2714,65.5,6.04,500300,302025,False,False,False,False,3,61.82,76.41,0.05,0.07,60,130,1000.0,15000.0,,,1736.5,53.84,12.0,2.01,,3.25,False
FNV.TO,2025-08-10,236.09,66.83,2.8989,0.5129,205.17,15.07,247800,290855,False,False,False,False,3,210.12,259.7,0.05,0.07,60,38,1000.0,15000.0,,,53.54,42.31,88.0,0.45,,3.25,False
FSV.TO,2025-08-10,271.99,67.8,8.1572,7.1883,250.91,8.4,88700,101200,False,False,False,False,3,242.07,299.19,0.05,0.07,60,33,1000.0,15000.0,,,63.25,34.74,55.0,0.34,,3.25,False
SLF.TO,2025-08-10,77.85,24.92,-1.1384,-0.7511,82.65,-5.81,5299800,1593070,True,True,False,False,2,69.29,85.63,0.05,0.07,60,116,1000.0,15000.0,,,14.21,10.39,4.52,0.6,,3.25,False
NTR.TO,2025-08-10,76.63,33.19,-0.8398,-0.1998,73.17,4.73,1330800,1364670,True,False,False,False,2,68.2,84.29,0.05,0.07,60,118,1000.0,15000.0,,,20.06,14.57,3.92,0.78,,3.25,False
TOU.TO,2025-08-10,57.97,34.65,-1.3613,-1.0642,63.02,-8.02,5704000,2895700,True,False,False,False,2,51.59,63.77,0.05,0.07,60,156,1000.0,15000.0,,,14.42,9.13,3.45,0.42,,3.25,False
ENGH.TO,2025-08-10,22.54,37.45,-0.2906,-0.1949,26.02,-13.39,127400,143760,False,False,True,False,2,20.06,24.79,0.05,0.07,60,403,1000.0,15000.0,,,15.87,13.26,5.32,0.73,,3.25,False
PKI.TO,2025-08-10,38.14,46.1,0.0651,0.141,35.37,7.82,900200,562950,False,False,False,True,2,33.94,41.95,0.05,0.07,60,238,1000.0,15000.0,,,22.57,11.32,3.78,0.84,,3.25,False
NWC.TO,2025-08-10,47.99,48.7,-0.2745,-0.5202,49.58,-3.21,154200,115875,False,False,False,False,2,42.71,52.79,0.05,0.07,60,189,1000.0,15000.0,,,16.96,13.83,3.33,0.56,,3.25,False
PSK.TO,2025-08-10,23.82,50.5,0.0296,0.0831,25.46,-6.45,271700,340285,False,False,False,False,2,21.2,26.2,0.05,0.07,60,381,1000.0,15000.0,,,25.61,25.34,4.37,1.1,,3.25,False
CU.TO,2025-08-10,38.13,51.97,0.205,0.2513,35.34,7.88,510500,585780,False,False,False,False,2,33.94,41.94,0.05,0.07,60,238,1000.0,15000.0,,,23.25,16.09,4.8,1.11,,3.25,False
SU.TO,2025-08-10,53.94,52.44,0.3341,0.4654,52.16,3.42,4583000,4619730,False,False,False,False,2,48.01,59.33,0.05,0.07,60,168,1000.0,15000.0,,,11.88,13.25,4.23,0.5,,3.25,False
TD.TO,2025-08-10,100.76,53.1,0.5672,0.9643,84.94,18.63,2230900,6578745,False,False,False,False,2,89.68,110.84,0.05,0.07,60,90,1000.0,15000.0,,,10.45,12.02,4.17,0.43,,3.25,False
FRU.TO,2025-08-10,13.14,53.35,0.1141,0.1603,12.37,6.2,306800,575000,False,False,False,False,2,11.69,14.45,0.05,0.07,60,689,1000.0,15000.0,,,17.29,11.73,8.22,1.42,,3.25,False
WCP.TO,2025-08-10,10.11,55.3,0.2506,0.3177,9.16,10.33,4701600,6485125,False,False,False,False,2,9.0,11.12,0.05,0.07,60,900,1000.0,15000.0,,,6.92,6.65,7.22,0.5,,3.25,False
CM.TO,2025-08-10,99.95,57.85,0.7311,1.1181,88.65,12.74,1626000,2724670,False,False,False,False,2,88.96,109.94,0.05,0.07,60,90,1000.0,15000.0,,,12.56,13.29,3.88,0.47,,3.25,False
FM.TO,2025-08-10,23.76,54.73,0.0729,0.1732,19.9,19.37,1447200,2103245,False,False,False,False,3,21.15,26.14,0.05,0.07,60,383,1000.0,15000.0,,,69.88,51.65,,0.0,,3.0,False
BAM.TO,2025-08-10,84.33,56.01,1.839,2.0998,77.54,8.76,786600,836775,False,False,False,False,3,75.05,92.76,0.05,0.07,60,107,1000.0,15000.0,,,43.03,35.43,2.86,1.14,,3.0,False
TA.TO,2025-08-10,16.63,57.35,0.4186,0.5183,15.16,9.67,1838400,1751925,False,False,False,False,3,14.8,18.29,0.05,0.07,60,546,1000.0,15000.0,,,,40.56,1.56,12.0,,3.0,False
SEA.TO,2025-08-10,22.56,59.31,0.5393,0.5463,18.74,20.37,103000,97010,False,False,False,False,3,20.08,24.82,0.05,0.07,60,403,1000.0,15000.0,,,,-60.97,,0.0,,3.0,False
NG.TO,2025-08-10,7.79,62.76,0.3854,0.398,5.21,49.44,607700,525220,False,False,False,False,3,6.93,8.57,0.05,0.07,60,1162,1000.0,15000.0,,,,-64.92,,0.0,,3.0,False
EFR.TO,2025-08-10,13.13,64.37,1.1062,1.2254,7.9,66.17,2245500,1969790,False,False,False,False,3,11.69,14.44,0.05,0.07,60,694,1000.0,15000.0,,,,101.0,,0.0,,3.0,False
CLS.TO,2025-08-10,285.87,76.75,20.7577,18.1954,154.58,84.93,890800,941785,False,False,False,False,3,254.42,314.46,0.05,0.07,60,31,1000.0,15000.0,,,45.23,57.75,,0.0,,3.0,False
NGEX.TO,2025-08-10,21.83,84.77,1.325,1.1481,14.02,55.71,163500,250850,False,False,False,False,3,19.43,24.01,0.05,0.07,60,416,1000.0,15000.0,,,,-109.15,,0.0,,3.0,False
TSU.TO,2025-08-10,42.14,45.66,-0.28,0.0722,38.22,10.26,177700,72810,False,False,False,True,2,37.5,46.35,0.05,0.07,60,215,1000.0,15000.0,,,16.86,13.59,,0.0,,3.0,False
SJ.TO,2025-08-10,77.77,46.48,-0.2717,0.2818,72.53,7.22,383100,112070,False,False,False,True,2,69.22,85.55,0.05,0.07,60,116,1000.0,15000.0,,,13.09,13.48,1.59,0.2,,3.0,False
NVA.TO,2025-08-10,14.3,49.25,0.026,0.0063,13.2,8.33,567100,633110,False,False,False,False,2,12.73,15.73,0.05,0.07,60,636,1000.0,15000.0,,,8.36,8.51,,0.0,,3.0,False
CCL-B.TO,2025-08-10,78.51,50.18,-0.3024,-0.1876,74.79,4.98,139700,182410,False,False,False,False,2,69.87,86.36,0.05,0.07,60,115,1000.0,15000.0,,,16.36,17.22,1.63,0.25,,3.0,False
EMP-A.TO,2025-08-10,55.47,52.28,0.2086,0.3145,46.99,18.05,301600,287410,False,False,False,False,2,49.37,61.02,0.05,0.07,60,163,1000.0,15000.0,,,18.93,17.07,1.59,0.27,,3.0,False
GIL.TO,2025-08-10,70.96,52.92,0.944,1.1121,67.65,4.89,274200,332075,False,False,False,False,2,63.15,78.06,0.05,0.07,60,128,1000.0,15000.0,,,16.54,15.84,1.75,0.28,,3.0,False
CEU.TO,2025-08-10,7.29,53.6,0.0878,0.1369,7.71,-5.47,704000,527180,False,False,False,False,2,6.49,8.02,0.05,0.07,60,1250,1000.0,15000.0,,,9.11,8.1,2.33,0.18,,3.0,False
BDT.TO,2025-08-10,29.04,54.36,0.0994,0.1919,25.37,14.47,92900,118665,False,False,False,False,2,25.85,31.94,0.05,0.07,60,313,1000.0,15000.0,,,15.96,10.72,2.89,0.37,,3.0,False
WFG.TO,2025-08-10,98.45,46.42,-1.0697,-1.0914,113.09,-12.95,293200,263725,False,True,True,False,2,87.62,108.29,0.05,0.07,60,92,1000.0,15000.0,,,,14.17,1.78,0.72,,2.5,False
EDR.TO,2025-08-10,7.45,54.52,0.0989,0.176,5.99,24.27,931100,995660,False,False,False,False,2,6.63,8.19,0.05,0.07,60,1219,1000.0,15000.0,,,,19.1,,0.0,,2.5,False
STN.TO,2025-08-10,150.74,51.82,0.8184,1.2391,125.69,19.93,280400,251725,False,False,False,False,2,134.16,165.81,0.05,0.07,60,60,1000.0,15000.0,,,44.6,30.7,60.0,0.25,,2.25,False
CTC-A.TO,2025-08-10,159.7,16.84,-2.4887,0.7221,157.6,1.33,405100,286715,True,False,False,False,1,142.13,175.67,0.05,0.07,60,56,1000.0,15000.0,,,10.89,11.85,4.45,0.48,,2.25,False
RUS.TO,2025-08-10,40.0,20.9,-0.3502,0.1316,41.24,-3.0,301400,114115,True,False,False,False,1,35.6,44.0,0.05,0.07,60,227,1000.0,15000.0,,,13.84,9.88,4.3,0.58,,2.25,False
CCA.TO,2025-08-10,61.52,29.73,-1.6647,-1.3278,65.4,-5.93,60000,97955,True,False,False,False,1,54.75,67.67,0.05,0.07,60,147,1000.0,15000.0,,,7.97,7.51,5.99,0.47,,2.25,False
QSR.TO,2025-08-10,88.74,31.56,-0.3545,0.3318,92.46,-4.02,840100,594390,True,False,False,False,1,78.98,97.61,0.05,0.07,60,102,1000.0,15000.0,,,24.38,16.43,3.85,0.91,,2.25,False
LIF.TO,2025-08-10,26.24,33.19,-0.3767,-0.2892,28.52,-8.01,230700,215160,True,False,False,False,1,23.35,28.86,0.05,0.07,60,346,1000.0,15000.0,,,14.82,9.05,8.57,1.27,,2.25,False
PPL.TO,2025-08-10,48.9,33.81,-0.1142,-0.0007,52.51,-6.88,5300200,2597260,True,False,False,False,1,43.52,53.79,0.05,0.07,60,185,1000.0,15000.0,,,16.52,14.95,5.81,0.94,,2.25,False
QBR-B.TO,2025-08-10,37.81,37.14,-0.589,-0.3165,35.17,7.49,1217500,855825,False,False,False,False,1,33.65,41.59,0.05,0.07,60,240,1000.0,15000.0,,,11.32,11.42,3.7,0.4,,2.25,False
MFC.TO,2025-08-10,41.41,42.04,-0.142,-0.062,42.6,-2.8,9715300,6144010,False,False,False,True,1,36.85,45.55,0.05,0.07,60,219,1000.0,15000.0,,,13.36,10.12,4.25,0.54,,2.25,False
HWX.TO,2025-08-10,6.87,43.33,0.0424,0.1052,6.42,7.09,351700,608285,False,False,False,False,1,6.11,7.56,0.05,0.07,60,1315,1000.0,15000.0,,,8.81,6.42,6.4,0.54,,2.25,False
NPI.TO,2025-08-10,22.19,44.77,0.0935,0.2495,19.35,14.66,526300,714640,False,False,False,False,1,19.75,24.41,0.05,0.07,60,409,1000.0,15000.0,,,22.41,18.04,5.41,1.21,,2.25,False
LB.TO,2025-08-10,30.54,47.66,0.0511,0.1631,27.74,10.08,67200,144400,False,False,False,False,1,27.18,33.59,0.05,0.07,60,297,1000.0,15000.0,,,10.18,8.25,6.16,0.63,,2.25,False
T.TO,2025-08-10,22.1,47.92,-0.0507,0.0214,20.87,5.9,2723400,3662505,False,False,False,False,1,19.67,24.31,0.05,0.07,60,411,1000.0,15000.0,,,34.0,21.05,7.53,2.48,,2.25,False
HBM.TO,2025-08-10,13.25,48.13,-0.235,-0.147,12.13,9.27,1664200,1737640,False,False,False,False,1,11.79,14.58,0.05,0.07,60,684,1000.0,15000.0,,,24.54,10.27,15.0,0.04,,2.25,False
ONEX.TO,2025-08-10,111.91,49.77,0.4939,0.929,106.49,5.09,95500,74590,False,False,False,False,1,99.6,123.1,0.05,0.07,60,81,1000.0,15000.0,,,13.07,5.6,36.0,0.05,,2.25,False
REI-UN.TO,2025-08-10,17.68,50.43,0.0566,0.0764,17.6,0.46,1280328,652164,False,False,False,False,1,15.74,19.45,0.05,0.07,60,515,1000.0,15000.0,,,18.61,9.61,6.55,1.19,,2.25,False
AIF.TO,2025-08-10,52.93,39.11,0.4415,0.8004,54.29,-2.5,338000,146395,False,False,False,True,2,47.11,58.22,0.05,0.07,60,171,1000.0,15000.0,,,105.86,32.88,1.13,1.2,,2.0,False
KXS.TO,2025-08-10,199.65,47.68,0.0425,0.9581,179.14,11.45,85200,48830,False,False,False,True,2,177.69,219.61,0.05,0.07,60,45,1000.0,15000.0,,,169.19,45.07,,0.0,,2.0,False
KEL.TO,2025-08-10,6.67,28.86,-0.1346,-0.0247,6.71,-0.57,443300,402095,True,False,False,False,1,5.94,7.34,0.05,0.07,60,1369,1000.0,15000.0,,,18.03,6.67,,0.0,,2.0,False
IFC.TO,2025-08-10,279.0,29.62,-6.3517,-4.3249,282.44,-1.22,414800,305285,True,False,False,False,1,248.31,306.9,0.05,0.07,60,32,1000.0,15000.0,,,21.41,17.02,1.91,0.39,,2.0,False
DFY.TO,2025-08-10,71.94,31.49,-0.8141,-0.1694,64.09,12.25,178900,147955,True,False,False,False,1,64.03,79.13,0.05,0.07,60,126,1000.0,15000.0,,,21.6,22.27,1.04,0.21,,2.0,False
BIR.TO,2025-08-10,6.37,33.03,-0.1467,-0.0972,5.96,6.84,395600,725645,True,False,False,False,1,5.67,7.01,0.05,0.07,60,1428,1000.0,15000.0,,,12.49,12.74,1.88,0.65,,2.0,False
FTT.TO,2025-08-10,57.4,38.72,0.3249,1.0622,44.27,29.65,776500,578825,False,False,False,False,1,51.09,63.14,0.05,0.07,60,158,1000.0,15000.0,,,15.39,13.63,2.11,0.3,,2.0,False
MEG.TO,2025-08-10,25.96,43.54,0.1166,0.3216,23.98,8.25,613700,701620,False,False,False,False,1,23.1,28.56,0.05,0.07,60,349,1000.0,15000.0,,,12.42,10.47,1.69,0.19,,2.0,False
TFII.TO,2025-08-10,118.5,44.41,-0.6897,-0.1191,150.52,-21.27,201800,287325,False,False,True,False,1,105.47,130.35,0.05,0.07,60,76,1000.0,15000.0,,,19.88,9.78,2.08,0.4,,2.0,False
TXG.TO,2025-08-10,41.16,44.59,-0.7992,-0.8161,36.58,12.51,561600,354430,False,True,False,False,1,36.63,45.28,0.05,0.07,60,220,1000.0,15000.0,,,12.32,11.5,,0.0,,2.0,False
CG.TO,2025-08-10,9.68,46.07,0.0174,0.0152,9.04,7.1,1473200,783405,False,True,False,False,1,8.62,10.65,0.05,0.07,60,943,1000.0,15000.0,,,20.6,11.8,2.89,0.59,,2.0,False
MX.TO,2025-08-10,45.56,46.72,-0.2896,-0.1861,54.99,-17.15,185500,190505,False,False,True,False,1,40.55,50.12,0.05,0.07,60,199,1000.0,15000.0,,,9.53,7.7,2.22,0.21,,2.0,False
MRU.TO,2025-08-10,104.95,48.09,0.2284,0.1944,96.62,8.62,344100,320485,False,False,False,False,1,93.41,115.44,0.05,0.07,60,86,1000.0,15000.0,,,23.64,22.24,1.41,0.31,,2.0,False
ATH.TO,2025-08-10,5.66,48.26,0.0245,0.0441,5.19,8.99,1323200,1742990,False,False,False,False,1,5.04,6.23,0.05,0.07,60,1612,1000.0,15000.0,,,6.58,8.2,,0.0,,2.0,False
EQB.TO,2025-08-10,101.63,48.61,0.9907,1.5388,100.03,1.6,49200,71970,False,False,False,False,1,90.45,111.79,0.05,0.07,60,89,1000.0,15000.0,,,10.41,8.2,2.09,0.2,,2.0,False
BEI-UN.TO,2025-08-10,71.28,51.39,0.4423,0.5989,66.57,7.07,64612,110304,False,False,False,False,1,63.44,78.41,0.05,0.07,60,127,1000.0,15000.0,,,11.74,16.5,2.27,0.25,,2.0,False
CAE.TO,2025-08-10,39.33,51.46,0.2287,0.3657,34.61,13.65,462600,609010,False,False,False,False,1,35.0,43.26,0.05,0.07,60,230,1000.0,15000.0,,,30.97,28.09,,0.0,,2.0,False
KMP-UN.TO,2025-08-10,17.82,28.52,-0.2883,-0.1765,17.53,1.63,363673,238370,True,False,False,False,1,15.86,19.6,0.05,0.07,60,510,1000.0,15000.0,,,3.82,14.37,4.04,0.15,,1.75,False
CAR-UN.TO,2025-08-10,42.52,33.01,-0.2868,0.0575,42.41,0.26,291454,379237,True,False,False,False,1,37.84,46.77,0.05,0.07,60,213,1000.0,15000.0,,,59.89,16.87,3.57,2.1,,1.75,False
IIP-UN.TO,2025-08-10,13.23,46.72,-0.0046,0.0094,11.18,18.31,1493267,1191382,False,False,False,False,1,11.77,14.55,0.05,0.07,60,684,1000.0,15000.0,,,,20.67,3.0,1.54,,1.75,False
AP-UN.TO,2025-08-10,17.2,47.22,0.023,0.1396,16.25,5.88,424400,614825,False,False,False,False,1,15.31,18.92,0.05,0.07,60,529,1000.0,15000.0,,,,9.45,10.47,3.99,,1.75,False
WSP.TO,2025-08-10,280.0,47.64,0.7719,2.0582,256.85,9.01,191500,168150,False,False,False,False,1,249.2,308.0,0.05,0.07,60,32,1000.0,15000.0,,,45.68,29.5,54.0,0.24,,1.75,False
ATRL.TO,2025-08-10,96.57,48.77,0.465,0.9061,78.17,23.54,567200,583475,False,False,False,False,1,85.95,106.23,0.05,0.07,60,94,1000.0,15000.0,,,6.63,34.0,8.0,0.01,,1.75,False
HR-UN.TO,2025-08-10,11.6,52.12,0.077,0.1512,10.09,14.93,241500,691250,False,False,False,False,1,10.32,12.76,0.05,0.07,60,781,1000.0,15000.0,,,,9.35,5.17,2.57,,1.75,False
SPB.TO,2025-08-10,6.73,23.26,-0.2779,-0.2503,6.78,-0.71,685100,838065,True,False,False,False,1,5.99,7.4,0.05,0.07,60,1351,1000.0,15000.0,,,56.08,18.19,2.67,3.64,,1.5,False
BLX.TO,2025-08-10,29.01,26.57,-0.4537,-0.2114,29.7,-2.32,859000,288015,True,False,False,False,1,25.82,31.91,0.05,0.07,60,313,1000.0,15000.0,,,,25.9,2.28,6.0,,1.5,False
TECK-B.TO,2025-08-10,45.45,38.14,-2.1248,-1.8652,56.18,-19.1,1598364,1721300,False,False,True,False,1,40.45,50.0,0.05,0.07,60,199,1000.0,15000.0,,,101.0,18.11,1.1,1.11,,1.5,False
BHC.TO,2025-08-10,7.93,38.66,-0.1308,0.046,9.44,-16.02,204400,331715,False,False,True,False,1,7.06,8.72,0.05,0.07,60,1149,1000.0,15000.0,,,22.03,1.32,,0.0,,1.5,False
SII.TO,2025-08-10,92.21,43.92,-0.0347,1.0129,70.76,30.31,62600,86665,False,False,False,False,1,82.07,101.43,0.05,0.07,60,98,1000.0,15000.0,,,34.67,32.93,1.79,0.59,,1.5,False
LSPD.TO,2025-08-10,16.59,45.11,0.2611,0.4725,18.16,-8.63,489100,503405,False,False,False,False,1,14.77,18.25,0.05,0.07,60,549,1000.0,15000.0,,,,21.0,,0.0,,1.5,False
ATZ.TO,2025-08-10,72.6,48.98,0.5997,1.0802,59.31,22.42,289900,441820,False,False,False,False,1,64.61,79.86,0.05,0.07,60,125,1000.0,15000.0,,,36.3,29.75,,0.0,,1.5,False
NFI.TO,2025-08-10,18.42,50.92,0.2412,0.4644,14.25,29.28,134200,255950,False,False,False,False,1,16.39,20.26,0.05,0.07,60,492,1000.0,15000.0,,,,15.61,,0.0,,1.5,False
BIP-UN.TO,2025-08-10,41.42,22.82,-0.7588,-0.5413,44.5,-6.92,368911,375958,True,False,False,False,1,36.86,45.56,0.05,0.07,60,219,1000.0,15000.0,,,591.71,39.83,5.74,33.4,,1.25,False
CSU.TO,2025-08-10,4599.93,31.06,-67.8043,-39.7431,4719.28,-2.53,33300,27885,True,False,False,False,1,4093.94,5059.92,0.05,0.07,60,1,1000.0,15000.0,,,96.15,34.91,12.0,0.11,,1.25,False
BN.TO,2025-08-10,89.03,48.68,1.4657,2.1131,80.84,10.13,1328900,1613665,False,False,False,False,1,79.24,97.93,0.05,0.07,60,102,1000.0,15000.0,,,145.95,,56.0,0.77,,1.25,False
AQN.TO,2025-08-10,7.81,37.0,0.0386,0.082,7.03,11.09,2330500,1655605,False,False,False,False,0,6.95,8.59,0.05,0.07,60,1162,1000.0,15000.0,,,20.03,18.6,4.42,1.08,,1.25,False
PSI.TO,2025-08-10,11.56,37.45,-0.1992,-0.166,12.73,-9.18,158500,159205,False,False,False,False,0,10.29,12.72,0.05,0.07,60,787,1000.0,15000.0,,,12.43,10.14,4.5,0.56,,1.25,False
WPK.TO,2025-08-10,41.63,37.91,-0.8759,-0.7847,43.46,-4.21,42000,64420,False,False,False,False,0,37.05,45.79,0.05,0.07,60,218,1000.0,15000.0,,,13.52,11.37,48.0,0.06,,1.25,False
CNQ.TO,2025-08-10,41.71,39.67,-0.2135,-0.0685,42.86,-2.69,7916500,8077225,False,False,False,False,0,37.12,45.88,0.05,0.07,60,217,1000.0,15000.0,,,10.59,11.59,5.63,0.57,,1.25,False
FFH.TO,2025-08-10,2365.29,39.81,-3.9335,8.7049,2107.69,12.22,56000,42980,False,False,False,False,0,2105.11,2601.82,0.05,0.07,60,3,1000.0,15000.0,,,8.74,10.89,91.0,0.08,,1.25,False
CP.TO,2025-08-10,103.27,41.39,-1.6303,-1.4894,107.07,-3.55,1043600,1635820,False,False,False,False,0,91.91,113.6,0.05,0.07,60,88,1000.0,15000.0,,,23.0,20.7,88.0,0.18,,1.25,False
TCL-A.TO,2025-08-10,19.6,42.01,-0.2823,-0.2495,17.81,10.07,67500,119090,False,False,False,False,0,17.44,21.56,0.05,0.07,60,462,1000.0,15000.0,,,9.16,8.24,4.59,0.42,,1.25,False
PEY.TO,2025-08-10,18.91,44.5,-0.0041,0.0347,16.89,11.95,728100,649650,False,False,False,False,0,16.83,20.8,0.05,0.07,60,480,1000.0,15000.0,,,12.78,8.71,6.98,0.89,,1.25,False
ACO-X.TO,2025-08-10,50.33,45.64,-0.0457,0.0374,48.49,3.79,227200,234825,False,False,False,False,0,44.79,55.36,0.05,0.07,60,180,1000.0,15000.0,,,12.87,12.19,4.01,0.51,,1.25,False
KEY.TO,2025-08-10,42.75,45.87,0.0294,0.1045,42.32,1.01,1360500,961435,False,False,False,False,0,38.05,47.03,0.05,0.07,60,212,1000.0,15000.0,,,18.51,18.43,5.05,0.9,,1.25,False
MTL.TO,2025-08-10,13.45,46.03,-0.1774,-0.1637,13.73,-2.05,207300,340505,False,False,False,False,0,11.97,14.79,0.05,0.07,60,675,1000.0,15000.0,,,12.12,10.27,6.25,0.75,,1.25,False
TRI.TO,2025-08-10,247.39,27.4,-4.7388,-0.5911,249.15,-0.71,313700,485850,True,False,False,False,1,220.18,272.13,0.05,0.07,60,36,1000.0,15000.0,,,50.49,44.34,1.32,0.64,,1.0,False
NXE.TO,2025-08-10,9.45,50.9,0.1003,0.1362,8.97,5.33,1615900,2036285,False,False,False,False,1,8.41,10.39,0.05,0.07,60,961,1000.0,15000.0,,,,-59.06,,0.0,,1.0,False
AAV.TO,2025-08-10,10.83,39.81,-0.1569,-0.1395,10.09,7.33,602700,498970,False,False,False,False,0,9.64,11.91,0.05,0.07,60,840,1000.0,15000.0,,,33.84,8.46,,0.0,,1.0,False
AC.TO,2025-08-10,19.32,40.99,-0.458,-0.1186,19.29,0.13,2071400,3350255,False,False,False,False,0,17.19,21.25,0.05,0.07,60,469,1000.0,15000.0,,,4.89,6.29,,0.0,,1.0,False
ATD.TO,2025-08-10,69.99,42.43,-0.0684,0.4311,73.19,-4.38,592900,1934030,False,False,False,False,0,62.29,76.99,0.05,0.07,60,129,1000.0,15000.0,,,18.81,14.77,1.11,0.2,,1.0,False
RCH.TO,2025-08-10,34.63,44.1,-0.1465,-0.055,36.14,-4.17,39600,66490,False,False,False,False,0,30.82,38.09,0.05,0.07,60,262,1000.0,15000.0,,,23.09,19.24,1.77,0.4,,1.0,False
ARX.TO,2025-08-10,27.14,44.55,-0.2076,-0.2952,26.47,2.53,990800,1631550,False,False,False,False,0,24.15,29.85,0.05,0.07,60,334,1000.0,15000.0,,,10.73,9.17,2.8,0.29,,1.0,False
IAG.TO,2025-08-10,141.27,48.27,-0.9343,-0.799,132.93,6.28,231200,227515,False,False,False,False,0,125.73,155.4,0.05,0.07,60,64,1000.0,15000.0,,,13.19,11.86,2.8,0.33,,1.0,False
CHP-UN.TO,2025-08-10,14.21,40.46,-0.1036,-0.0871,13.79,3.06,285100,340580,False,False,False,False,0,12.65,15.63,0.05,0.07,60,641,1000.0,15000.0,,,,13.8,5.42,1.01,,0.75,False
VET.TO,2025-08-10,10.34,41.12,0.1013,0.2315,11.48,-9.92,1381800,676610,False,False,False,False,0,9.2,11.37,0.05,0.07,60,877,1000.0,15000.0,,,,7.89,5.03,0.07,,0.75,False
NWH-UN.TO,2025-08-10,4.81,44.85,-0.029,-0.0246,4.7,2.34,328015,528461,False,False,False,False,0,4.28,5.29,0.05,0.07,60,1886,1000.0,15000.0,,,,5.23,7.48,2.99,,0.75,False
ATS.TO,2025-08-10,38.81,35.8,-0.225,0.1541,40.33,-3.77,250500,227925,False,False,False,False,0,34.54,42.69,0.05,0.07,60,234,1000.0,15000.0,,,,16.8,,0.0,,0.5,False
POU.TO,2025-08-10,20.29,36.93,-0.1667,0.0062,17.39,16.68,133600,259735,False,False,False,False,0,18.06,22.32,0.05,0.07,60,448,1000.0,15000.0,,,2.02,6.3,2.96,0.12,,0.5,False
AYA.TO,2025-08-10,12.38,45.54,-0.0884,0.0066,12.39,-0.07,1388600,899240,False,False,False,False,0,11.02,13.62,0.05,0.07,60,735,1000.0,15000.0,,,,17.44,,0.0,,0.5,False
BBU-UN.TO,2025-08-10,34.14,46.18,-0.1771,-0.1182,33.34,2.4,32700,28185,False,False,False,False,0,30.38,37.55,0.05,0.07,60,265,1000.0,15000.0,,,,22.76,1.01,0.03,,0.5,False
ERO.TO,2025-08-10,19.23,46.2,-0.5282,-0.5279,19.86,-3.17,227300,391420,False,False,False,False,0,17.11,21.15,0.05,0.07,60,471,1000.0,15000.0,,,10.12,3.93,,0.0,,0.5,False
BEP-UN.TO,2025-08-10,34.24,37.48,-0.0341,0.3907,33.05,3.6,340938,267520,False,False,False,False,0,30.47,37.66,0.05,0.07,60,265,1000.0,15000.0,,,,142.67,6.04,6.49,,0.25,False
TVK.TO,2025-08-10,158.3,38.84,-1.7617,-0.6405,137.62,15.03,62700,51765,False,False,False,False,0,140.89,174.13,0.05,0.07,60,57,1000.0,15000.0,,,39.87,37.96,44.0,0.16,,0.25,False
TPZ.TO,2025-08-10,25.16,43.26,-0.0298,0.0427,25.16,0.01,203100,203710,False,False,False,False,0,22.39,27.68,0.05,0.07,60,361,1000.0,15000.0,,,61.37,58.51,5.41,3.24,,0.25,False
BB.TO,2025-08-10,4.98,35.64,-0.176,-0.1491,5.31,-6.16,967300,1709220,False,False,False,False,0,4.43,5.48,0.05,0.07,60,1818,1000.0,15000.0,,,166.0,99.6,,0.0,,0.0,False
DSG.TO,2025-08-10,139.26,41.72,0.2157,0.77,153.05,-9.01,113600,137760,False,False,False,False,0,123.94,153.19,0.05,0.07,60,65,1000.0,15000.0,,,61.35,51.2,,0.0,,0.0,False
OLA.TO,2025-08-10,13.9,46.43,-0.2876,-0.2087,11.32,22.84,561200,829660,False,False,False,False,0,12.37,15.29,0.05,0.07,60,653,1000.0,15000.0,,,,30.22,,0.0,,0.0,False
